<?xml version="1.0" encoding="UTF-8"?>
<beans xmlns="http://www.springframework.org/schema/beans"
       xmlns:xsi="http://www.w3.org/2001/XMLSchema-instance"
       xsi:schemaLocation="http://www.springframework.org/schema/beans http://www.springframework.org/schema/beans/spring-beans.xsd">

    <!--1 获取bean演示，user对象创建-->
    <bean id="user" class="com.atguigu.spring6.iocxml.bean.User"></bean>

    <bean id="user1" class="com.atguigu.spring6.iocxml.bean.User"></bean>

    <!--2 一个接口实现类获取过程-->
    <bean id="userDaoImpl" class="com.atguigu.spring6.iocxml.bean.UserDaoImpl">
    </bean>
    <bean id="personDaoImpl" class="com.atguigu.spring6.iocxml.bean.PersonDaoImpl">
    </bean>
</beans>