<?xml version="1.0" encoding="UTF-8"?>
<beans xmlns="http://www.springframework.org/schema/beans"
       xmlns:xsi="http://www.w3.org/2001/XMLSchema-instance"
       xsi:schemaLocation="http://www.springframework.org/schema/beans http://www.springframework.org/schema/beans/spring-beans.xsd">

    <!--1 set方法注入-->
    <bean id="book" class="com.atguigu.spring6.iocxml.di.Book">
        <property name="bname" value="前端开发"></property>
        <property name="author" value="尚硅谷"></property>
<!--        <property name="others">-->
<!--            <null/>-->
<!--        </property>-->
<!--        <property name="others" value="&lt;&gt;"></property>-->
        <property name="others">
            <value><![CDATA[a < b]]></value>
        </property>
    </bean>

    <!--2 构造器注入-->
    <bean id="bookCon" class="com.atguigu.spring6.iocxml.di.Book">
        <constructor-arg name="bname" value="java开发"></constructor-arg>
        <constructor-arg name="author" value="尚硅谷"></constructor-arg>
    </bean>

</beans>