<?xml version="1.0" encoding="UTF-8"?>
<beans xmlns="http://www.springframework.org/schema/beans"
       xmlns:xsi="http://www.w3.org/2001/XMLSchema-instance"
       xsi:schemaLocation="http://www.springframework.org/schema/beans http://www.springframework.org/schema/beans/spring-beans.xsd">

    <!--
    第一种方式：引入外部bean
        1 创建两个类对象：dept 和 emp
        2 在emp的bean标签里面，使用property引入dept的bean
    -->
<!--    <bean id="dept" class="com.atguigu.spring6.iocxml.ditest.Dept">-->
<!--        <property name="dname" value="安保部"></property>-->
<!--    </bean>-->
<!--    <bean id="emp" class="com.atguigu.spring6.iocxml.ditest.Emp">-->
<!--        &lt;!&ndash;注入对象类型属性-->
<!--            private Dept dept;-->
<!--        &ndash;&gt;-->
<!--        <property name="dept" ref="dept"></property>-->
<!--        &lt;!&ndash;普通属性注入&ndash;&gt;-->
<!--        <property name="ename" value="lucy"></property>-->
<!--        <property name="age" value="50"></property>-->
<!--    </bean>-->

    <!--第二种方式 内部bean注入-->
<!--    <bean id="emp2" class="com.atguigu.spring6.iocxml.ditest.Emp">-->
<!--        &lt;!&ndash;普通属性注入&ndash;&gt;-->
<!--        <property name="ename" value="mary"></property>-->
<!--        <property name="age" value="20"></property>-->
<!--        &lt;!&ndash;内部bean&ndash;&gt;-->
<!--        <property name="dept">-->
<!--            <bean id="dept2" class="com.atguigu.spring6.iocxml.ditest.Dept">-->
<!--                <property name="dname" value="财务部"></property>-->
<!--            </bean>-->
<!--        </property>-->
<!--    </bean>-->

    <!--第三种方式 级联赋值-->
    <bean id="dept3" class="com.atguigu.spring6.iocxml.ditest.Dept">
        <property name="dname" value="技术研发部"></property>
    </bean>

    <bean id="emp3" class="com.atguigu.spring6.iocxml.ditest.Emp">
        <property name="ename" value="tom"></property>
        <property name="age" value="30"></property>
        <property name="dept" ref="dept3"></property>
        <property name="dept.dname" value="测试部"></property>
    </bean>
</beans>